<keymap>
	<map context="FreeServerminoActions">
                <key id="KEY_EXIT" mapto="cancel" flags="m" />
                <key id="KEY_ESC" mapto="cancel" flags="m" />
                <key id="KEY_RED" mapto="cancel" flags="m" />
                <key id="KEY_OK" mapto="ok" flags="m" />
                <key id="KEY_GREEN" mapto="green" flags="m" />
                <key id="KEY_YELLOW" mapto="yellow" flags="m" />
                <key id="KEY_BLUE" mapto="blue" flags="m" />
                <key id="KEY_BLUE" mapto="blue" flags="m" />
                <key id="KEY_MENU" mapto="menu" flags="m" />
                <key id="KEY_INFO" mapto="info" flags="m" />
                <key id="KEY_LEFT" mapto="left" flags="m" />
                <key id="KEY_RIGHT" mapto="right" flags="m" />
	</map>
</keymap>
