<screen name="Menu" position="center,center" size="1280,720" flags="wfNoBorder"  backgroundColor="#40000000">	
    <ePixmap position="0,0" size="1280,720" pixmap="/usr/lib/enigma2/python/Plugins/Extensions/FreeServer/Deco/dzm4.png" alphatest="blend" transparent="1" />
    <widget name="text" position="140,110" size="530,510" font="bpmo;24" foregroundColor="#ffffff" transparent="1" zPosition="2" />
    <widget name="ButtonRedtext" position="110,680" zPosition="10" size="160,45" font="bpmo;24" transparent="1" foregroundColor="#cc0000" />
    <widget source="global.CurrentTime" render="Label" position="295,35" size="250,35" foregroundColor="#ffffff" transparent="1" zPosition="1" font="bpmo;23" halign="left">
      <convert type="ClockToText">Format:%A, %d.%m.%Y</convert>
    </widget>
    <widget source="global.CurrentTime" render="Label" position="500,35" size="150,35" foregroundColor="#ffffff" transparent="1" zPosition="1" font="bpmo;23" halign="right">
      <convert type="ClockToText">Format:%-H:%M:%S</convert>
    </widget>
</screen>	
