<skin>                                                                  
<screen name="FreeServermino" position="center,center" size="1280,720" flags="wfNoBorder" title="Free Server mino60" backgroundColor="transparent">
<widget name="Box_1" position="485,105" zPosition="3" size="345,35" font="bpmo;25" foregroundColor="white" backgroundColor="#80000000" transparent="1" halign="center" valign="center" />
<widget name="Box_2" position="315,220" zPosition="3" size="650,300" font="bpmo;25" foregroundColor="white" backgroundColor="#80000000" transparent="1" halign="center" valign="center" />
<widget name="Box_3" position="315,300" zPosition="3" size="650,222" font="bpmo;25" foregroundColor="white" backgroundColor="#80000000" transparent="1" halign="center" valign="center" />
<widget name="Box_4" position="315,486" zPosition="3" size="643,58" font="bpmo;25" foregroundColor="green" backgroundColor="#80000000" transparent="1" halign="center" valign="center" />
<eLabel position="180,670" size="230,10" backgroundColor="#bf0000" zPosition="3" />
<eLabel position="410,670" size="230,10" backgroundColor="#2a623d" zPosition="3" />
<eLabel position="640,670" size="230,10" backgroundColor="#ffcf40" zPosition="3" />
<eLabel position="870,670" size="230,10" backgroundColor="#0000ff" zPosition="3" />                        
<eLabel text="Exit" zPosition="3" position="220,630" size="150,35" font="bpmo;25" transparent="1" backgroundColor="black" halign="center" valign="center" />
<eLabel text="Save(ok)" zPosition="3" position="446,630" size="150,35" font="bpmo;25" transparent="1" backgroundColor="black" halign="center" valign="center" />
<eLabel text="Run Now" zPosition="3" position="676,630" size="150,35" font="bpmo;25" transparent="1" backgroundColor="black" halign="center" valign="center" />
<eLabel text="Menu" zPosition="3" position="908,630" size="150,35" font="bpmo;25" transparent="1" backgroundColor="black" halign="center" valign="center" />                                                                                                                
<widget name="config" position="188,222" size="886,122" itemHeight="32" scrollbarMode="showOnDemand" zPosition="3" transparent="1" backgroundColor="#80000000" foregroundColor="#fff4e6" foregroundColorSelected="white" selectionPixmap="/usr/lib/enigma2/python/Plugins/Extensions/FreeServer/Deco/select.png" />
<widget name="text" position="485,577" size="476,48" font="bpmo; 25" valign="center" halign="center" backgroundColor="#80000000" foregroundColor="white" transparent="0" zPosition="5" />
<widget source="global.CurrentTime" render="Label" zPosition="3" position="188,105" size="350,35" font="bpmo;25" backgroundColor="white" transparent="1" valign="center" halign="left">
<convert type="ClockToText">Format:%A %d.%B</convert>
</widget> 
<widget source="global.CurrentTime" render="Label" position="956,105" size="225,35" zPosition="3" font="bpmo;25" backgroundColor="#faf0be" transparent="1" valign="center" halign="left">
<convert type="ClockToText">Format:%H:%M:%S</convert>
</widget>
<widget name="logo" position="853,364" size="100,40" zPosition="4" alphatest="blend" transparent="0" pixmap="/usr/lib/enigma2/python/Plugins/Extensions/FreeServer/Deco/plugin.png" />
<ePixmap position="180,80" size="920,600" zPosition="2" transparent="1" alphatest="blend" pixmap="/usr/lib/enigma2/python/Plugins/Extensions/FreeServer/Deco/GKTrCvq.png" />
</screen>

<screen name="CheckFreeServerminooscreen_2" position="0,0" size="1280,720" title="" flags="wfNoBorder" backgroundColor="transparent">
  <widget name="info" position="150,150" size="1920,1080" font="bpmo;25" zPosition="3" transparent="0" valign="center" halign="center" backgroundColor="#80000000" />
</screen>

<screen name="FreeServerminoosBackgroundWorkerScreen" position="100,100" size="300,300" title="Mountie Plugin Menu" >
</screen>
</skin>
