<screen name="Menu" position="center,center" size="1920,1080" flags="wfNoBorder" backgroundColor="#40000000">
    <ePixmap position="0,0" size="1920,1080" pixmap="/usr/lib/enigma2/python/Plugins/Extensions/FreeServer/Deco/RRFHD.png" alphatest="blend" transparent="1" zPosition="-1"/>
    <widget name="text" position="80,150" font="bpmo;33" size="855,770" foregroundColor="#00bab329" transparent="1" zPosition="10"/>
    <widget source="global.CurrentTime" render="Label" position="55,25" size="350,45" foregroundColor="#00ffffff" transparent="1" zPosition="1" font="bpmo;33">
      <convert type="ClockToText">Format:%A, %d.%m.%Y</convert>
    </widget>
    <widget source="global.CurrentTime" render="Label" position="410,25" size="250,45" foregroundColor="#00ffffff" transparent="1" zPosition="1" font="bpmo;33" halign="right">
      <convert type="ClockToText">Format:%-H:%M:%S</convert>
    </widget>
</screen>
