<screen name="Menu" position="0,0" size="1280,720" flags="wfNoBorder" backgroundColor="#40000000">
    <ePixmap position="0,0" size="1280,720" pixmap="/usr/lib/enigma2/python/Plugins/Extensions/FreeServer/Deco/RRHD.png" alphatest="blend" transparent="1" zPosition="-1"/>
    <widget name="text" position="52,104" font="bpmo;23" size="570,510" foregroundColor="#00bab329" transparent="1" zPosition="2"/>
    <widget source="global.CurrentTime" render="Label" position="36,17" size="250,35" foregroundColor="#00ffffff" transparent="1" zPosition="2" font="bpmo;24">
      <convert type="ClockToText">Format:%A, %d.%m.%Y</convert>
    </widget>
    <widget source="global.CurrentTime" render="Label" position="287,17" size="150,35" foregroundColor="#00ffffff" transparent="1" zPosition="2" font="bpmo;24" halign="right">
      <convert type="ClockToText">Format:%-H:%M:%S</convert>
    </widget>
</screen>
